State,Price,Month,Year
Andaman and Nicobar,3600.0,Jan,2020
Andhra Pradesh,3051.89,Jan,2020
Arunachal pradesh,3100.0,Jan,2020
Assam,2200.0,Jan,2020
Bihar,1982.11,Jan,2020
Chandigarh,2200.0,Jan,2020
Chhattisgarh,2439.86,Jan,2020
Delhi,2318.83,Jan,2020
Goa,3225.93,Jan,2020
Gujarat,2103.45,Jan,2020
Haryana,1875.96,Jan,2020
Jammu and Kashmir,2264.0,Jan,2020
Jharkhand,2688.1,Jan,2020
Karnataka,3000.0,Jan,2020
Kerala,3192.95,Jan,2020
Madhya Pradesh,2052.49,Jan,2020
Maharashtra,2878.58,Jan,2020
Meghalaya,3066.97,Jan,2020
Nagaland,5000.0,Jan,2020
Odisha,2995.97,Jan,2020
Puducherry,3675.0,Jan,2020
Punjab,2110.87,Jan,2020
Rajasthan,2213.89,Jan,2020
Sikkim,2762.5,Jan,2020
Tamil Nadu,3183.12,Jan,2020
Telangana,2748.92,Jan,2020
Uttar Pradesh,2014.69,Jan,2020
Uttarakhand,2297.95,Jan,2020
West Bengal,1882.0,Jan,2020
Andaman and Nicobar,3600.0,Feb,2020
Andhra Pradesh,3006.86,Feb,2020
Arunachal pradesh,3100.0,Feb,2020
Assam,2200.0,Feb,2020
Bihar,2015.5,Feb,2020
Chandigarh,2200.0,Feb,2020
Chhattisgarh,2420.49,Feb,2020
Delhi,2205.71,Feb,2020
Goa,3254.0,Feb,2020
Gujarat,2167.29,Feb,2020
Haryana,1887.5,Feb,2020
Jammu and Kashmir,2200.0,Feb,2020
Jharkhand,2719.57,Feb,2020
Karnataka,3000.0,Feb,2020
Kerala,3260.53,Feb,2020
Madhya Pradesh,2058.99,Feb,2020
Maharashtra,2957.14,Feb,2020
Meghalaya,3227.18,Feb,2020
Nagaland,5000.0,Feb,2020
Odisha,3030.7,Feb,2020
Puducherry,3800.0,Feb,2020
Punjab,2097.59,Feb,2020
Rajasthan,2203.03,Feb,2020
Sikkim,2800.0,Feb,2020
Tamil Nadu,3259.65,Feb,2020
Telangana,2726.19,Feb,2020
Uttar Pradesh,2023.62,Feb,2020
Uttarakhand,2280.24,Feb,2020
West Bengal,1914.28,Feb,2020
Andaman and Nicobar,3600.0,Mar,2020
Andhra Pradesh,2980.37,Mar,2020
Arunachal pradesh,3100.0,Mar,2020
Assam,2232.26,Mar,2020
Bihar,2031.75,Mar,2020
Chandigarh,2200.0,Mar,2020
Chhattisgarh,2514.84,Mar,2020
Delhi,2206.9,Mar,2020
Goa,3331.25,Mar,2020
Gujarat,2257.79,Mar,2020
Haryana,1889.75,Mar,2020
Jammu and Kashmir,2200.0,Mar,2020
Jharkhand,2707.5,Mar,2020
Karnataka,3000.0,Mar,2020
Kerala,3212.32,Mar,2020
Madhya Pradesh,2056.4,Mar,2020
Maharashtra,2897.74,Mar,2020
Meghalaya,3086.96,Mar,2020
Nagaland,5000.0,Mar,2020
Odisha,3031.27,Mar,2020
Puducherry,3778.57,Mar,2020
Punjab,2101.09,Mar,2020
Rajasthan,2164.58,Mar,2020
Sikkim,2800.0,Mar,2020
Tamil Nadu,3217.89,Mar,2020
Telangana,2686.44,Mar,2020
Uttar Pradesh,2015.86,Mar,2020
Uttarakhand,2262.41,Mar,2020
West Bengal,1909.93,Mar,2020
Andaman and Nicobar,3800.0,Apr,2020
Andhra Pradesh,3069.14,Apr,2020
Arunachal pradesh,3100.0,Apr,2020
Assam,2400.0,Apr,2020
Bihar,2039.94,Apr,2020
Chandigarh,2246.3,Apr,2020
Chhattisgarh,2658.99,Apr,2020
Delhi,2183.33,Apr,2020
Goa,3366.0,Apr,2020
Gujarat,2253.75,Apr,2020
Haryana,2182.33,Apr,2020
Jharkhand,2800.0,Apr,2020
Karnataka,2966.15,Apr,2020
Kerala,3138.88,Apr,2020
Madhya Pradesh,2067.44,Apr,2020
Maharashtra,2998.67,Apr,2020
Meghalaya,3032.42,Apr,2020
Nagaland,5000.0,Apr,2020
Odisha,3043.06,Apr,2020
Puducherry,3491.67,Apr,2020
Punjab,2105.0,Apr,2020
Rajasthan,2122.73,Apr,2020
Sikkim,2800.0,Apr,2020
Tamil Nadu,3188.06,Apr,2020
Telangana,2783.15,Apr,2020
Uttar Pradesh,2002.52,Apr,2020
Uttarakhand,2319.1,Apr,2020
West Bengal,1921.58,Apr,2020
Andaman and Nicobar,3800.0,May,2020
Andhra Pradesh,3034.82,May,2020
Assam,2354.84,May,2020
Bihar,1876.19,May,2020
Chandigarh,2250.0,May,2020
Chhattisgarh,2714.05,May,2020
Delhi,2012.9,May,2020
Goa,3347.83,May,2020
Gujarat,2250.0,May,2020
Haryana,2162.93,May,2020
Jharkhand,2768.42,May,2020
Karnataka,3009.52,May,2020
Kerala,3146.15,May,2020
Madhya Pradesh,2038.37,May,2020
Maharashtra,3033.39,May,2020
Meghalaya,2987.98,May,2020
Nagaland,5000.0,May,2020
Odisha,3034.85,May,2020
Puducherry,3335.48,May,2020
Punjab,2075.0,May,2020
Rajasthan,2080.77,May,2020
Sikkim,2800.0,May,2020
Tamil Nadu,3210.23,May,2020
Telangana,2800.55,May,2020
Uttar Pradesh,1880.49,May,2020
Uttarakhand,2256.36,May,2020
West Bengal,1916.86,May,2020
Andaman and Nicobar,3800.0,Jun,2020
Andhra Pradesh,2986.96,Jun,2020
Assam,2350.0,Jun,2020
Bihar,1891.08,Jun,2020
Chandigarh,1941.85,Jun,2020
Chhattisgarh,2619.92,Jun,2020
Delhi,1967.67,Jun,2020
Goa,3204.4,Jun,2020
Gujarat,2250.0,Jun,2020
Haryana,2125.0,Jun,2020
Jammu and Kashmir,2086.36,Jun,2020
Jharkhand,2500.0,Jun,2020
Karnataka,2983.52,Jun,2020
Kerala,3128.57,Jun,2020
Madhya Pradesh,2020.85,Jun,2020
Maharashtra,3099.56,Jun,2020
Meghalaya,2915.7,Jun,2020
Nagaland,3222.22,Jun,2020
Odisha,2964.97,Jun,2020
Puducherry,3200.0,Jun,2020
Punjab,2041.67,Jun,2020
Rajasthan,2022.81,Jun,2020
Sikkim,2728.57,Jun,2020
Tamil Nadu,3184.45,Jun,2020
Telangana,2867.42,Jun,2020
Uttar Pradesh,1879.83,Jun,2020
Uttarakhand,2191.48,Jun,2020
West Bengal,1924.88,Jun,2020
Andaman and Nicobar,3800.0,Jul,2020
Andhra Pradesh,2936.41,Jul,2020
Assam,2350.0,Jul,2020
Bihar,1919.94,Jul,2020
Chandigarh,1909.03,Jul,2020
Chhattisgarh,2444.84,Jul,2020
Delhi,1962.26,Jul,2020
Goa,3240.38,Jul,2020
Gujarat,2225.81,Jul,2020
Haryana,2086.42,Jul,2020
Jammu and Kashmir,2003.85,Jul,2020
Jharkhand,2437.04,Jul,2020
Karnataka,3019.28,Jul,2020
Kerala,3127.02,Jul,2020
Madhya Pradesh,2023.46,Jul,2020
Maharashtra,3146.85,Jul,2020
Meghalaya,2880.31,Jul,2020
Nagaland,2600.0,Jul,2020
Odisha,2957.07,Jul,2020
Puducherry,3200.0,Jul,2020
Punjab,2008.19,Jul,2020
Rajasthan,2061.18,Jul,2020
Sikkim,2500.0,Jul,2020
Tamil Nadu,3152.99,Jul,2020
Telangana,2874.73,Jul,2020
Uttar Pradesh,1877.29,Jul,2020
Uttarakhand,2128.31,Jul,2020
West Bengal,1911.94,Jul,2020
Andaman and Nicobar,3800.0,Aug,2020
Andhra Pradesh,2923.93,Aug,2020
Assam,2350.0,Aug,2020
Bihar,1943.93,Aug,2020
Chandigarh,1831.67,Aug,2020
Chhattisgarh,2460.97,Aug,2020
Delhi,1877.33,Aug,2020
Goa,3210.87,Aug,2020
Gujarat,2225.0,Aug,2020
Haryana,2102.86,Aug,2020
Jammu and Kashmir,1985.0,Aug,2020
Jharkhand,2424.0,Aug,2020
Karnataka,3024.71,Aug,2020
Kerala,3043.85,Aug,2020
Madhya Pradesh,2023.67,Aug,2020
Maharashtra,3075.41,Aug,2020
Meghalaya,2830.97,Aug,2020
Nagaland,2600.0,Aug,2020
Odisha,3001.06,Aug,2020
Puducherry,3196.77,Aug,2020
Punjab,2025.63,Aug,2020
Rajasthan,2041.27,Aug,2020
Sikkim,2500.0,Aug,2020
Tamil Nadu,3117.62,Aug,2020
Telangana,2852.69,Aug,2020
Uttar Pradesh,1856.59,Aug,2020
Uttarakhand,2122.81,Aug,2020
West Bengal,1897.13,Aug,2020
Andaman and Nicobar,3800.0,Sep,2020
Andhra Pradesh,2912.9,Sep,2020
Assam,2350.0,Sep,2020
Bihar,1881.54,Sep,2020
Chandigarh,1850.0,Sep,2020
Chhattisgarh,2415.65,Sep,2020
Delhi,1828.83,Sep,2020
Goa,3225.0,Sep,2020
Gujarat,2210.83,Sep,2020
Haryana,2119.72,Sep,2020
Jammu and Kashmir,1901.92,Sep,2020
Jharkhand,2412.69,Sep,2020
Karnataka,2984.78,Sep,2020
Kerala,3033.76,Sep,2020
Madhya Pradesh,2021.67,Sep,2020
Maharashtra,3033.26,Sep,2020
Meghalaya,2806.3,Sep,2020
Nagaland,2600.0,Sep,2020
Odisha,3007.81,Sep,2020
Puducherry,3200.0,Sep,2020
Punjab,2025.29,Sep,2020
Rajasthan,2022.58,Sep,2020
Sikkim,2500.0,Sep,2020
Tamil Nadu,3093.76,Sep,2020
Telangana,2868.33,Sep,2020
Uttar Pradesh,1814.28,Sep,2020
Uttarakhand,1993.48,Sep,2020
West Bengal,1876.67,Sep,2020
Andaman and Nicobar,3800.0,Oct,2020
Andhra Pradesh,2806.06,Oct,2020
Arunachal pradesh,2300.0,Oct,2020
Assam,2350.0,Oct,2020
Bihar,1805.6,Oct,2020
Chandigarh,1720.97,Oct,2020
Chhattisgarh,2494.79,Oct,2020
Delhi,1809.14,Oct,2020
Goa,3200.0,Oct,2020
Gujarat,2200.0,Oct,2020
Haryana,2058.21,Oct,2020
Jammu and Kashmir,1802.17,Oct,2020
Jharkhand,2400.0,Oct,2020
Karnataka,2997.59,Oct,2020
Kerala,3102.59,Oct,2020
Madhya Pradesh,1968.97,Oct,2020
Maharashtra,3086.59,Oct,2020
Meghalaya,2666.9,Oct,2020
Nagaland,2600.0,Oct,2020
Odisha,3048.57,Oct,2020
Puducherry,3200.0,Oct,2020
Punjab,2021.57,Oct,2020
Rajasthan,2027.69,Oct,2020
Sikkim,2500.0,Oct,2020
Tamil Nadu,3110.65,Oct,2020
Telangana,2883.33,Oct,2020
Uttar Pradesh,1777.64,Oct,2020
Uttarakhand,2074.37,Oct,2020
West Bengal,1849.8,Oct,2020
Andaman and Nicobar,3800.0,Nov,2020
Andhra Pradesh,2888.35,Nov,2020
Arunachal pradesh,2300.0,Nov,2020
Assam,2350.0,Nov,2020
Bihar,1789.43,Nov,2020
Chandigarh,1600.0,Nov,2020
Chhattisgarh,2513.81,Nov,2020
Delhi,1864.48,Nov,2020
Goa,3200.0,Nov,2020
Gujarat,2183.33,Nov,2020
Haryana,2051.35,Nov,2020
Jammu and Kashmir,1887.04,Nov,2020
Jharkhand,2573.0,Nov,2020
Karnataka,2983.91,Nov,2020
Kerala,3026.86,Nov,2020
Madhya Pradesh,1968.99,Nov,2020
Maharashtra,3126.03,Nov,2020
Meghalaya,2550.27,Nov,2020
Nagaland,2850.0,Nov,2020
Odisha,3054.09,Nov,2020
Puducherry,3251.72,Nov,2020
Punjab,2009.75,Nov,2020
Rajasthan,2038.46,Nov,2020
Sikkim,2438.89,Nov,2020
Tamil Nadu,3089.31,Nov,2020
Telangana,2927.22,Nov,2020
Uttar Pradesh,1751.51,Nov,2020
Uttarakhand,2112.5,Nov,2020
West Bengal,1800.0,Nov,2020
Andaman and Nicobar,3800.0,Dec,2020
Andhra Pradesh,2841.61,Dec,2020
Arunachal pradesh,2300.0,Dec,2020
Assam,2350.0,Dec,2020
Bihar,1732.55,Dec,2020
Chandigarh,1704.84,Dec,2020
Chhattisgarh,2553.36,Dec,2020
Delhi,1833.55,Dec,2020
Goa,3200.0,Dec,2020
Gujarat,2180.8,Dec,2020
Haryana,2032.22,Dec,2020
Jammu and Kashmir,1962.16,Dec,2020
Jharkhand,2530.43,Dec,2020
Karnataka,2937.5,Dec,2020
Kerala,2969.27,Dec,2020
Madhya Pradesh,1957.31,Dec,2020
Maharashtra,3224.58,Dec,2020
Meghalaya,2523.94,Dec,2020
Nagaland,3100.0,Dec,2020
Odisha,3011.51,Dec,2020
Puducherry,3200.0,Dec,2020
Punjab,1930.06,Dec,2020
Rajasthan,1962.32,Dec,2020
Sikkim,2400.0,Dec,2020
Tamil Nadu,3045.68,Dec,2020
Telangana,2976.34,Dec,2020
Uttar Pradesh,1770.17,Dec,2020
Uttarakhand,2111.43,Dec,2020
West Bengal,1923.26,Dec,2020
Andaman and Nicobar,3800.0,Jan,2021
Andhra Pradesh,2578.75,Jan,2021
Bihar,1727.78,Jan,2021
Chandigarh,1668.97,Jan,2021
Chhattisgarh,2476.79,Jan,2021
Delhi,1949.83,Jan,2021
Goa,3176.47,Jan,2021
Gujarat,2256.16,Jan,2021
Haryana,2020.55,Jan,2021
Jammu and Kashmir,1880.0,Jan,2021
Jharkhand,2463.64,Jan,2021
Karnataka,2865.63,Jan,2021
Kerala,3024.55,Jan,2021
Madhya Pradesh,1919.3,Jan,2021
Maharashtra,3011.95,Jan,2021
Meghalaya,2545.21,Jan,2021
Odisha,2801.26,Jan,2021
Puducherry,3245.0,Jan,2021
Punjab,1946.92,Jan,2021
Rajasthan,2003.85,Jan,2021
Sikkim,2400.0,Jan,2021
Tamil Nadu,3028.9,Jan,2021
Telangana,3036.43,Jan,2021
Uttar Pradesh,1758.87,Jan,2021
Uttarakhand,2161.9,Jan,2021
West Bengal,1933.65,Jan,2021
Andaman and Nicobar,3800.0,Feb,2021
Andhra Pradesh,2400.0,Feb,2021
Assam,2000.0,Feb,2021
Bihar,1746.04,Feb,2021
Chandigarh,1700.0,Feb,2021
Chhattisgarh,2469.18,Feb,2021
Delhi,1941.43,Feb,2021
Goa,3100.0,Feb,2021
Gujarat,2288.5,Feb,2021
Haryana,2000.11,Feb,2021
Jammu and Kashmir,1885.71,Feb,2021
Jharkhand,2427.7,Feb,2021
Karnataka,2813.33,Feb,2021
Kerala,3043.61,Feb,2021
Madhya Pradesh,1923.82,Feb,2021
Maharashtra,2549.43,Feb,2021
Meghalaya,2514.67,Feb,2021
Mizoram,3223.0,Feb,2021
Nagaland,3100.0,Feb,2021
Odisha,2810.54,Feb,2021
Puducherry,3234.62,Feb,2021
Punjab,1903.11,Feb,2021
Rajasthan,1950.75,Feb,2021
Sikkim,2400.0,Feb,2021
Tamil Nadu,3031.15,Feb,2021
Telangana,3185.12,Feb,2021
Uttar Pradesh,1804.22,Feb,2021
Uttarakhand,2152.3,Feb,2021
West Bengal,1727.88,Feb,2021
Andaman and Nicobar,3800.0,Mar,2021
Andhra Pradesh,2720.73,Mar,2021
Assam,2000.0,Mar,2021
Bihar,1745.81,Mar,2021
Chandigarh,1624.14,Mar,2021
Chhattisgarh,2359.66,Mar,2021
Delhi,1909.67,Mar,2021
Goa,3100.0,Mar,2021
Gujarat,2273.33,Mar,2021
Haryana,2000.0,Mar,2021
Jammu and Kashmir,2127.42,Mar,2021
Jharkhand,2158.16,Mar,2021
Karnataka,2834.19,Mar,2021
Kerala,3014.5,Mar,2021
Madhya Pradesh,1933.81,Mar,2021
Maharashtra,2513.51,Mar,2021
Meghalaya,2510.26,Mar,2021
Mizoram,3223.0,Mar,2021
Nagaland,3100.0,Mar,2021
Odisha,2906.0,Mar,2021
Puducherry,3341.18,Mar,2021
Punjab,1923.02,Mar,2021
Rajasthan,1991.79,Mar,2021
Sikkim,2400.0,Mar,2021
Tamil Nadu,3041.63,Mar,2021
Telangana,2866.67,Mar,2021
Uttar Pradesh,1829.49,Mar,2021
Uttarakhand,2110.75,Mar,2021
West Bengal,1788.56,Mar,2021
Andaman and Nicobar,3800.0,Apr,2021
Andhra Pradesh,2681.25,Apr,2021
Assam,2076.47,Apr,2021
Bihar,1727.78,Apr,2021
Chandigarh,1671.67,Apr,2021
Chhattisgarh,2204.95,Apr,2021
Delhi,1912.0,Apr,2021
Goa,3100.0,Apr,2021
Gujarat,2301.46,Apr,2021
Haryana,2010.43,Apr,2021
Jammu and Kashmir,2139.84,Apr,2021
Jharkhand,2146.43,Apr,2021
Karnataka,2854.36,Apr,2021
Kerala,2998.99,Apr,2021
Madhya Pradesh,1943.8,Apr,2021
Maharashtra,2590.04,Apr,2021
Meghalaya,2509.74,Apr,2021
Mizoram,3223.0,Apr,2021
Nagaland,2620.0,Apr,2021
Odisha,2909.06,Apr,2021
Puducherry,2866.67,Apr,2021
Punjab,1941.8,Apr,2021
Rajasthan,2015.09,Apr,2021
Sikkim,2400.0,Apr,2021
Tamil Nadu,3005.02,Apr,2021
Telangana,2783.95,Apr,2021
Uttar Pradesh,1869.55,Apr,2021
Uttarakhand,2057.89,Apr,2021
West Bengal,1757.2,Apr,2021
Andaman and Nicobar,3800.0,May,2021
Andhra Pradesh,2836.23,May,2021
Assam,2000.0,May,2021
Bihar,1744.84,May,2021
Chandigarh,1740.0,May,2021
Chhattisgarh,2367.98,May,2021
Delhi,1888.67,May,2021
Goa,3100.0,May,2021
Gujarat,2281.58,May,2021
Haryana,2009.15,May,2021
Jammu and Kashmir,1906.0,May,2021
Jharkhand,2169.72,May,2021
Karnataka,2787.81,May,2021
Kerala,3047.66,May,2021
Madhya Pradesh,1973.8,May,2021
Maharashtra,2544.51,May,2021
Meghalaya,2519.74,May,2021
Mizoram,3223.0,May,2021
Nagaland,2500.0,May,2021
Odisha,2927.82,May,2021
Puducherry,3000.44,May,2021
Punjab,1964.68,May,2021
Rajasthan,2172.79,May,2021
Tamil Nadu,3060.22,May,2021
Telangana,2803.05,May,2021
Uttar Pradesh,1865.22,May,2021
Uttarakhand,2050.0,May,2021
West Bengal,1713.75,May,2021
Andaman and Nicobar,3831.03,Jun,2021
Andhra Pradesh,2860.53,Jun,2021
Assam,2000.0,Jun,2021
Bihar,1723.66,Jun,2021
Chandigarh,1728.33,Jun,2021
Chhattisgarh,2836.62,Jun,2021
Delhi,1833.45,Jun,2021
Goa,3100.0,Jun,2021
Gujarat,2276.28,Jun,2021
Haryana,2005.07,Jun,2021
Jammu and Kashmir,2093.48,Jun,2021
Jharkhand,2006.46,Jun,2021
Karnataka,2903.03,Jun,2021
Kerala,3088.51,Jun,2021
Madhya Pradesh,1965.03,Jun,2021
Maharashtra,2856.0,Jun,2021
Meghalaya,2536.07,Jun,2021
Mizoram,3500.0,Jun,2021
Nagaland,2500.0,Jun,2021
Odisha,2943.82,Jun,2021
Puducherry,3183.33,Jun,2021
Punjab,1975.08,Jun,2021
Rajasthan,2126.08,Jun,2021
Sikkim,2400.0,Jun,2021
Tamil Nadu,3080.65,Jun,2021
Telangana,2775.28,Jun,2021
Uttar Pradesh,1867.48,Jun,2021
Uttarakhand,2062.96,Jun,2021
West Bengal,1753.65,Jun,2021
Andaman and Nicobar,3800.0,Jul,2021
Andhra Pradesh,2806.25,Jul,2021
Assam,2000.0,Jul,2021
Bihar,1716.21,Jul,2021
Chandigarh,1900.0,Jul,2021
Chhattisgarh,2700.0,Jul,2021
Delhi,1833.23,Jul,2021
Goa,3100.0,Jul,2021
Gujarat,2272.91,Jul,2021
Haryana,2000.88,Jul,2021
Himachal Pradesh,1650.0,Jul,2021
Jammu and Kashmir,2097.41,Jul,2021
Jharkhand,2043.24,Jul,2021
Karnataka,2862.69,Jul,2021
Kerala,3079.17,Jul,2021
Madhya Pradesh,1942.4,Jul,2021
Maharashtra,2918.75,Jul,2021
Meghalaya,2490.69,Jul,2021
Nagaland,2500.0,Jul,2021
Odisha,2919.47,Jul,2021
Puducherry,3200.0,Jul,2021
Punjab,1975.0,Jul,2021
Rajasthan,2106.1,Jul,2021
Sikkim,2400.0,Jul,2021
Tamil Nadu,3055.54,Jul,2021
Telangana,2908.33,Jul,2021
Uttar Pradesh,1795.6,Jul,2021
Uttarakhand,2053.79,Jul,2021
West Bengal,1793.66,Jul,2021
Andaman and Nicobar,3800.0,Aug,2021
Andhra Pradesh,2791.43,Aug,2021
Assam,1977.08,Aug,2021
Bihar,1702.63,Aug,2021
Chandigarh,1811.11,Aug,2021
Chhattisgarh,2658.75,Aug,2021
Delhi,1916.0,Aug,2021
Goa,3100.0,Aug,2021
Gujarat,2267.02,Aug,2021
Haryana,1995.83,Aug,2021
Jammu and Kashmir,2131.51,Aug,2021
Jharkhand,2080.4,Aug,2021
Karnataka,2929.96,Aug,2021
Kerala,3074.04,Aug,2021
Madhya Pradesh,1915.8,Aug,2021
Maharashtra,2786.84,Aug,2021
Meghalaya,2441.27,Aug,2021
Nagaland,2500.0,Aug,2021
Odisha,2924.75,Aug,2021
Puducherry,2888.0,Aug,2021
Punjab,1950.35,Aug,2021
Rajasthan,2099.44,Aug,2021
Sikkim,2400.0,Aug,2021
Tamil Nadu,3063.06,Aug,2021
Telangana,2871.57,Aug,2021
Uttar Pradesh,1812.13,Aug,2021
Uttarakhand,2016.03,Aug,2021
West Bengal,1812.7,Aug,2021
Andaman and Nicobar,3758.62,Sep,2021
Andhra Pradesh,2871.05,Sep,2021
Assam,2000.0,Sep,2021
Bihar,1733.19,Sep,2021
Chandigarh,1700.0,Sep,2021
Chhattisgarh,2519.37,Sep,2021
Delhi,2054.0,Sep,2021
Goa,3100.0,Sep,2021
Gujarat,2320.0,Sep,2021
Haryana,1992.41,Sep,2021
Jammu and Kashmir,2205.33,Sep,2021
Jharkhand,2113.87,Sep,2021
Karnataka,2932.89,Sep,2021
Kerala,3096.12,Sep,2021
Madhya Pradesh,1955.52,Sep,2021
Maharashtra,2667.67,Sep,2021
Meghalaya,2521.39,Sep,2021
Mizoram,3200.0,Sep,2021
Nagaland,2500.0,Sep,2021
Odisha,2953.73,Sep,2021
Puducherry,2600.0,Sep,2021
Punjab,1916.67,Sep,2021
Rajasthan,2076.79,Sep,2021
Sikkim,2400.0,Sep,2021
Tamil Nadu,3065.08,Sep,2021
Telangana,2893.33,Sep,2021
Uttar Pradesh,1828.57,Sep,2021
Uttarakhand,2009.15,Sep,2021
West Bengal,1899.54,Sep,2021
Andaman and Nicobar,3600.0,Oct,2021
Andhra Pradesh,2978.38,Oct,2021
Assam,2000.0,Oct,2021
Bihar,1758.58,Oct,2021
Chandigarh,1700.0,Oct,2021
Chhattisgarh,2512.63,Oct,2021
Delhi,2091.85,Oct,2021
Goa,3094.74,Oct,2021
Gujarat,2402.46,Oct,2021
Haryana,1996.58,Oct,2021
Himachal Pradesh,2202.78,Oct,2021
Jammu and Kashmir,2279.09,Oct,2021
Jharkhand,2229.51,Oct,2021
Karnataka,2881.61,Oct,2021
Kerala,3120.83,Oct,2021
Madhya Pradesh,1990.57,Oct,2021
Maharashtra,2644.85,Oct,2021
Meghalaya,2607.01,Oct,2021
Mizoram,3221.5,Oct,2021
Nagaland,2681.82,Oct,2021
Odisha,2964.73,Oct,2021
Puducherry,2850.0,Oct,2021
Punjab,1925.7,Oct,2021
Rajasthan,2114.3,Oct,2021
Sikkim,2400.0,Oct,2021
Tamil Nadu,3127.71,Oct,2021
Telangana,2830.12,Oct,2021
Uttar Pradesh,1857.8,Oct,2021
Uttarakhand,1998.85,Oct,2021
West Bengal,2056.96,Oct,2021
Andaman and Nicobar,3791.67,Nov,2021
Andhra Pradesh,3002.18,Nov,2021
Assam,2000.0,Nov,2021
Bihar,1799.4,Nov,2021
Chandigarh,1759.09,Nov,2021
Chhattisgarh,2548.82,Nov,2021
Delhi,2174.67,Nov,2021
Goa,3100.0,Nov,2021
Gujarat,2515.96,Nov,2021
Haryana,1994.62,Nov,2021
Himachal Pradesh,2142.71,Nov,2021
Jammu and Kashmir,2273.65,Nov,2021
Jharkhand,2288.3,Nov,2021
Karnataka,2878.79,Nov,2021
Kerala,3169.06,Nov,2021
Madhya Pradesh,2040.44,Nov,2021
Maharashtra,2709.15,Nov,2021
Meghalaya,2716.14,Nov,2021
Nagaland,2918.75,Nov,2021
Odisha,2989.51,Nov,2021
Puducherry,3200.0,Nov,2021
Punjab,1930.0,Nov,2021
Rajasthan,2170.2,Nov,2021
Sikkim,2400.0,Nov,2021
Tamil Nadu,3150.67,Nov,2021
Telangana,2890.96,Nov,2021
Uttar Pradesh,1892.43,Nov,2021
Uttarakhand,2000.75,Nov,2021
West Bengal,2103.36,Nov,2021
Andaman and Nicobar,3718.52,Dec,2021
Andhra Pradesh,3010.28,Dec,2021
Assam,2000.0,Dec,2021
Bihar,1806.28,Dec,2021
Chandigarh,1762.9,Dec,2021
Chhattisgarh,2569.18,Dec,2021
Delhi,2196.13,Dec,2021
Goa,3100.0,Dec,2021
Gujarat,2545.93,Dec,2021
Haryana,1994.64,Dec,2021
Himachal Pradesh,2148.14,Dec,2021
Jammu and Kashmir,2385.71,Dec,2021
Jharkhand,2246.28,Dec,2021
Karnataka,2883.73,Dec,2021
Kerala,3162.91,Dec,2021
Madhya Pradesh,2014.75,Dec,2021
Maharashtra,2714.34,Dec,2021
Meghalaya,2734.06,Dec,2021
Nagaland,2870.0,Dec,2021
Odisha,3002.72,Dec,2021
Puducherry,3048.28,Dec,2021
Punjab,1959.08,Dec,2021
Rajasthan,2156.82,Dec,2021
Sikkim,2400.0,Dec,2021
Tamil Nadu,3144.4,Dec,2021
Telangana,2825.88,Dec,2021
Uttar Pradesh,1919.68,Dec,2021
Uttarakhand,2042.35,Dec,2021
West Bengal,2024.7,Dec,2021
Andaman and Nicobar,3600.0,Jan,2022
Andhra Pradesh,3044.62,Jan,2022
Assam,2000.0,Jan,2022
Bihar,1800.42,Jan,2022
Chandigarh,1801.61,Jan,2022
Chhattisgarh,2500.36,Jan,2022
Delhi,2217.1,Jan,2022
Goa,3150.0,Jan,2022
Gujarat,2546.5,Jan,2022
Haryana,2032.08,Jan,2022
Himachal Pradesh,2112.54,Jan,2022
Jammu and Kashmir,2374.07,Jan,2022
Jharkhand,2303.42,Jan,2022
Karnataka,2874.82,Jan,2022
Kerala,3125.91,Jan,2022
Madhya Pradesh,2043.98,Jan,2022
Maharashtra,2733.33,Jan,2022
Meghalaya,2719.19,Jan,2022
Nagaland,2600.0,Jan,2022
Odisha,2962.24,Jan,2022
Puducherry,3000.0,Jan,2022
Punjab,1993.29,Jan,2022
Rajasthan,2179.75,Jan,2022
Sikkim,2400.0,Jan,2022
Tamil Nadu,3184.41,Jan,2022
Telangana,2788.33,Jan,2022
Uttar Pradesh,1921.22,Jan,2022
Uttarakhand,2045.76,Jan,2022
West Bengal,2055.17,Jan,2022
Andhra Pradesh,3104.62,Feb,2022
Assam,2000.0,Feb,2022
Bihar,1823.15,Feb,2022
Chandigarh,1850.0,Feb,2022
Chhattisgarh,2517.56,Feb,2022
Delhi,2264.64,Feb,2022
Goa,3150.0,Feb,2022
Gujarat,2587.89,Feb,2022
Haryana,2035.58,Feb,2022
Himachal Pradesh,2171.11,Feb,2022
Jammu and Kashmir,2354.29,Feb,2022
Jharkhand,2418.41,Feb,2022
Karnataka,2918.3,Feb,2022
Kerala,3134.19,Feb,2022
Madhya Pradesh,2053.22,Feb,2022
Maharashtra,2818.51,Feb,2022
Meghalaya,2718.13,Feb,2022
Mizoram,3220.0,Feb,2022
Nagaland,2900.0,Feb,2022
Odisha,2947.28,Feb,2022
Puducherry,3000.0,Feb,2022
Punjab,1948.6,Feb,2022
Rajasthan,2190.39,Feb,2022
Sikkim,2400.0,Feb,2022
Tamil Nadu,3209.69,Feb,2022
Telangana,2848.33,Feb,2022
Uttar Pradesh,1939.11,Feb,2022
Uttarakhand,2044.18,Feb,2022
West Bengal,2042.72,Feb,2022
Andhra Pradesh,3165.52,Mar,2022
Assam,2000.0,Mar,2022
Bihar,1927.8,Mar,2022
Chandigarh,1850.0,Mar,2022
Chhattisgarh,2601.91,Mar,2022
Delhi,2309.66,Mar,2022
Goa,3245.45,Mar,2022
Gujarat,2635.59,Mar,2022
Haryana,2035.23,Mar,2022
Himachal Pradesh,2190.0,Mar,2022
Jammu and Kashmir,2353.9,Mar,2022
Jharkhand,2370.74,Mar,2022
Karnataka,2936.01,Mar,2022
Kerala,3191.03,Mar,2022
Madhya Pradesh,2137.85,Mar,2022
Maharashtra,2834.5,Mar,2022
Meghalaya,2751.16,Mar,2022
Mizoram,3220.0,Mar,2022
Nagaland,2933.33,Mar,2022
Odisha,2961.34,Mar,2022
Puducherry,3363.33,Mar,2022
Punjab,1932.86,Mar,2022
Rajasthan,2188.4,Mar,2022
Sikkim,2400.0,Mar,2022
Tamil Nadu,3269.23,Mar,2022
Telangana,2953.03,Mar,2022
Uttar Pradesh,1997.06,Mar,2022
Uttarakhand,2135.69,Mar,2022
West Bengal,2029.05,Mar,2022
Andaman and Nicobar,3600.0,Apr,2022
Andhra Pradesh,3173.21,Apr,2022
Assam,2413.64,Apr,2022
Bihar,1949.08,Apr,2022
Chandigarh,1895.0,Apr,2022
Chhattisgarh,2648.14,Apr,2022
Delhi,2238.33,Apr,2022
Goa,3374.44,Apr,2022
Gujarat,2630.57,Apr,2022
Haryana,2089.53,Apr,2022
Himachal Pradesh,2218.98,Apr,2022
Jammu and Kashmir,2387.5,Apr,2022
Jharkhand,2379.72,Apr,2022
Karnataka,3010.64,Apr,2022
Kerala,3242.77,Apr,2022
Madhya Pradesh,2164.72,Apr,2022
Maharashtra,2894.88,Apr,2022
Meghalaya,2826.59,Apr,2022
Mizoram,3220.0,Apr,2022
Nagaland,3169.57,Apr,2022
Odisha,2975.06,Apr,2022
Puducherry,3500.0,Apr,2022
Punjab,1950.6,Apr,2022
Rajasthan,2239.8,Apr,2022
Sikkim,2400.0,Apr,2022
Tamil Nadu,3316.17,Apr,2022
Telangana,2993.89,Apr,2022
Uttar Pradesh,2056.65,Apr,2022
Uttarakhand,2150.1,Apr,2022
West Bengal,2060.05,Apr,2022
Andaman and Nicobar,3600.0,May,2022
Andhra Pradesh,3174.75,May,2022
Assam,2500.0,May,2022
Bihar,1973.81,May,2022
Chandigarh,1900.0,May,2022
Chhattisgarh,2700.0,May,2022
Delhi,2280.32,May,2022
Goa,3419.05,May,2022
Gujarat,2743.09,May,2022
Haryana,2119.64,May,2022
Himachal Pradesh,2235.74,May,2022
Jammu and Kashmir,2464.1,May,2022
Jharkhand,2384.62,May,2022
Karnataka,3052.17,May,2022
Kerala,3310.44,May,2022
Madhya Pradesh,2239.61,May,2022
Maharashtra,2899.43,May,2022
Meghalaya,2874.7,May,2022
Mizoram,3220.0,May,2022
Nagaland,3060.87,May,2022
Odisha,3012.94,May,2022
Puducherry,3808.7,May,2022
Punjab,1948.11,May,2022
Rajasthan,2364.74,May,2022
Sikkim,2615.45,May,2022
Tamil Nadu,3358.35,May,2022
Telangana,3081.72,May,2022
Uttar Pradesh,2050.37,May,2022
Uttarakhand,2173.3,May,2022
West Bengal,2014.4,May,2022
Andaman and Nicobar,3600.0,Jun,2022
Andhra Pradesh,3212.45,Jun,2022
Assam,2440.54,Jun,2022
Bihar,1992.59,Jun,2022
Chandigarh,1900.0,Jun,2022
Chhattisgarh,2789.14,Jun,2022
Delhi,2246.67,Jun,2022
Goa,3469.05,Jun,2022
Gujarat,2762.99,Jun,2022
Haryana,2131.19,Jun,2022
Himachal Pradesh,2240.0,Jun,2022
Jammu and Kashmir,2485.8,Jun,2022
Jharkhand,2367.76,Jun,2022
Karnataka,3086.59,Jun,2022
Kerala,3421.56,Jun,2022
Madhya Pradesh,2335.8,Jun,2022
Maharashtra,2860.05,Jun,2022
Manipur,2000.0,Jun,2022
Meghalaya,2870.97,Jun,2022
Mizoram,3220.0,Jun,2022
Nagaland,3052.0,Jun,2022
Odisha,3007.24,Jun,2022
Puducherry,3688.89,Jun,2022
Punjab,1979.21,Jun,2022
Rajasthan,2378.05,Jun,2022
Sikkim,2700.0,Jun,2022
Tamil Nadu,3377.53,Jun,2022
Telangana,3108.72,Jun,2022
Uttar Pradesh,2049.78,Jun,2022
Uttarakhand,2181.68,Jun,2022
West Bengal,2076.64,Jun,2022
Andaman and Nicobar,3600.0,Jul,2022
Andhra Pradesh,3189.32,Jul,2022
Assam,2368.0,Jul,2022
Bihar,2062.23,Jul,2022
Chandigarh,1958.06,Jul,2022
Chhattisgarh,2798.9,Jul,2022
Delhi,2260.33,Jul,2022
Goa,3476.19,Jul,2022
Gujarat,2804.11,Jul,2022
Haryana,2139.81,Jul,2022
Himachal Pradesh,2226.78,Jul,2022
Jammu and Kashmir,2453.76,Jul,2022
Jharkhand,2401.95,Jul,2022
Karnataka,3112.13,Jul,2022
Kerala,3505.92,Jul,2022
Madhya Pradesh,2312.85,Jul,2022
Maharashtra,2784.78,Jul,2022
Manipur,2000.0,Jul,2022
Meghalaya,2906.57,Jul,2022
Mizoram,3220.0,Jul,2022
Nagaland,3108.7,Jul,2022
Odisha,3027.59,Jul,2022
Puducherry,3600.0,Jul,2022
Punjab,2009.4,Jul,2022
Rajasthan,2408.57,Jul,2022
Sikkim,2700.0,Jul,2022
Tamil Nadu,3321.64,Jul,2022
Telangana,3113.92,Jul,2022
Uttar Pradesh,2103.05,Jul,2022
Uttarakhand,2208.8,Jul,2022
West Bengal,2054.11,Jul,2022
Andaman and Nicobar,3600.0,Aug,2022
Andhra Pradesh,3241.43,Aug,2022
Assam,2406.98,Aug,2022
Bihar,2249.0,Aug,2022
Chandigarh,1972.58,Aug,2022
Chhattisgarh,2762.22,Aug,2022
Delhi,2330.0,Aug,2022
Goa,3647.37,Aug,2022
Gujarat,2837.7,Aug,2022
Haryana,2155.77,Aug,2022
Himachal Pradesh,1922.58,Aug,2022
Jammu and Kashmir,2450.29,Aug,2022
Jharkhand,2423.36,Aug,2022
Karnataka,3237.52,Aug,2022
Kerala,3587.4,Aug,2022
Madhya Pradesh,2317.96,Aug,2022
Maharashtra,2889.71,Aug,2022
Manipur,2000.0,Aug,2022
Meghalaya,3127.43,Aug,2022
Mizoram,3220.0,Aug,2022
Nagaland,3420.0,Aug,2022
Odisha,3074.76,Aug,2022
Puducherry,3600.0,Aug,2022
Punjab,2015.11,Aug,2022
Rajasthan,2444.28,Aug,2022
Sikkim,2700.0,Aug,2022
Tamil Nadu,3384.91,Aug,2022
Telangana,3100.0,Aug,2022
Uttar Pradesh,2253.46,Aug,2022
Uttarakhand,2256.74,Aug,2022
West Bengal,2016.18,Aug,2022
Andaman and Nicobar,3600.0,Sep,2022
Andhra Pradesh,3258.75,Sep,2022
Assam,2413.33,Sep,2022
Bihar,2392.43,Sep,2022
Chandigarh,1950.0,Sep,2022
Chhattisgarh,2755.28,Sep,2022
Delhi,2306.67,Sep,2022
DNH and DD,3252.63,Sep,2022
Goa,3557.14,Sep,2022
Gujarat,2755.37,Sep,2022
Haryana,2174.85,Sep,2022
Himachal Pradesh,1840.0,Sep,2022
Jammu and Kashmir,2462.5,Sep,2022
Jharkhand,2435.28,Sep,2022
Karnataka,3243.38,Sep,2022
Kerala,3601.43,Sep,2022
Madhya Pradesh,2338.02,Sep,2022
Maharashtra,2944.47,Sep,2022
Manipur,2000.0,Sep,2022
Meghalaya,3313.12,Sep,2022
Mizoram,3407.56,Sep,2022
Nagaland,3289.83,Sep,2022
Odisha,3080.51,Sep,2022
Puducherry,3600.0,Sep,2022
Punjab,2036.97,Sep,2022
Rajasthan,2442.74,Sep,2022
Sikkim,3137.5,Sep,2022
Tamil Nadu,3390.75,Sep,2022
Telangana,3151.61,Sep,2022
Uttar Pradesh,2339.11,Sep,2022
Uttarakhand,2271.36,Sep,2022
West Bengal,2165.36,Sep,2022
Andaman and Nicobar,3600.0,Oct,2022
Andhra Pradesh,3249.44,Oct,2022
Assam,2623.08,Oct,2022
Bihar,2467.02,Oct,2022
Chandigarh,1946.55,Oct,2022
Chhattisgarh,2630.06,Oct,2022
Delhi,2203.23,Oct,2022
DNH and DD,3400.0,Oct,2022
Goa,3563.24,Oct,2022
Gujarat,2739.53,Oct,2022
Haryana,2151.67,Oct,2022
Himachal Pradesh,2100.0,Oct,2022
Jammu and Kashmir,2511.39,Oct,2022
Jharkhand,2501.38,Oct,2022
Karnataka,3234.38,Oct,2022
Kerala,3582.22,Oct,2022
Madhya Pradesh,2352.48,Oct,2022
Maharashtra,2950.19,Oct,2022
Manipur,2000.0,Oct,2022
Meghalaya,3358.21,Oct,2022
Mizoram,3426.34,Oct,2022
Nagaland,3301.74,Oct,2022
Odisha,3084.4,Oct,2022
Puducherry,3655.17,Oct,2022
Punjab,2021.18,Oct,2022
Rajasthan,2485.37,Oct,2022
Sikkim,3400.0,Oct,2022
Tamil Nadu,3435.44,Oct,2022
Telangana,3134.87,Oct,2022
Uttar Pradesh,2380.4,Oct,2022
Uttarakhand,2275.69,Oct,2022
West Bengal,2237.4,Oct,2022
Andaman and Nicobar,3600.0,Nov,2022
Andhra Pradesh,3334.8,Nov,2022
Assam,2683.37,Nov,2022
Bihar,2527.59,Nov,2022
Chandigarh,2575.0,Nov,2022
Chhattisgarh,2748.56,Nov,2022
Delhi,2386.67,Nov,2022
DNH and DD,3441.67,Nov,2022
Goa,3572.09,Nov,2022
Gujarat,2769.51,Nov,2022
Haryana,2174.35,Nov,2022
Himachal Pradesh,2100.0,Nov,2022
Jammu and Kashmir,2599.48,Nov,2022
Jharkhand,2571.07,Nov,2022
Karnataka,3427.12,Nov,2022
Kerala,3714.9,Nov,2022
Madhya Pradesh,2425.52,Nov,2022
Maharashtra,3082.59,Nov,2022
Manipur,2000.0,Nov,2022
Meghalaya,3454.82,Nov,2022
Mizoram,3438.55,Nov,2022
Nagaland,3329.06,Nov,2022
Odisha,3119.46,Nov,2022
Puducherry,3700.0,Nov,2022
Punjab,2061.84,Nov,2022
Rajasthan,2575.46,Nov,2022
Sikkim,3391.03,Nov,2022
Tamil Nadu,3465.93,Nov,2022
Telangana,3169.7,Nov,2022
Uttar Pradesh,2472.46,Nov,2022
Uttarakhand,2311.67,Nov,2022
West Bengal,2285.27,Nov,2022
Andaman and Nicobar,3600.0,Dec,2022
Andhra Pradesh,3376.43,Dec,2022
Assam,2572.29,Dec,2022
Bihar,2592.72,Dec,2022
Chandigarh,2650.0,Dec,2022
Chhattisgarh,2769.58,Dec,2022
Delhi,2700.0,Dec,2022
DNH and DD,3500.0,Dec,2022
Goa,3691.67,Dec,2022
Gujarat,2848.61,Dec,2022
Haryana,2200.0,Dec,2022
Himachal Pradesh,2100.0,Dec,2022
Jammu and Kashmir,2624.6,Dec,2022
Jharkhand,2652.61,Dec,2022
Karnataka,3559.91,Dec,2022
Kerala,3796.82,Dec,2022
Madhya Pradesh,2642.23,Dec,2022
Maharashtra,3216.15,Dec,2022
Manipur,2000.0,Dec,2022
Meghalaya,3479.14,Dec,2022
Mizoram,3434.97,Dec,2022
Nagaland,3396.1,Dec,2022
Odisha,3163.41,Dec,2022
Puducherry,3700.0,Dec,2022
Punjab,2170.61,Dec,2022
Rajasthan,2710.79,Dec,2022
Sikkim,3377.12,Dec,2022
Tamil Nadu,3546.47,Dec,2022
Telangana,3235.04,Dec,2022
Uttar Pradesh,2595.05,Dec,2022
Uttarakhand,2436.88,Dec,2022
West Bengal,2342.5,Dec,2022
Andaman and Nicobar,3600.0,Jan,2023
Andhra Pradesh,3428.97,Jan,2023
Assam,2534.85,Jan,2023
Bihar,2682.05,Jan,2023
Chandigarh,2650.0,Jan,2023
Chhattisgarh,2891.01,Jan,2023
Delhi,2648.39,Jan,2023
DNH and DD,3500.0,Jan,2023
Goa,3806.1,Jan,2023
Gujarat,2871.9,Jan,2023
Haryana,2246.82,Jan,2023
Himachal Pradesh,2100.0,Jan,2023
Jammu and Kashmir,2696.06,Jan,2023
Jharkhand,2745.12,Jan,2023
Karnataka,3648.72,Jan,2023
Kerala,3806.4,Jan,2023
Madhya Pradesh,2696.11,Jan,2023
Maharashtra,3328.57,Jan,2023
Manipur,2000.0,Jan,2023
Meghalaya,3471.72,Jan,2023
Mizoram,3438.92,Jan,2023
Nagaland,3378.9,Jan,2023
Odisha,3235.42,Jan,2023
Puducherry,3778.26,Jan,2023
Punjab,2361.11,Jan,2023
Rajasthan,2728.34,Jan,2023
Sikkim,3420.02,Jan,2023
Tamil Nadu,3643.15,Jan,2023
Telangana,3274.77,Jan,2023
Uttar Pradesh,2688.32,Jan,2023
Uttarakhand,2438.36,Jan,2023
West Bengal,2353.42,Jan,2023
Andaman and Nicobar,3600.0,Feb,2023
Andhra Pradesh,3487.02,Feb,2023
Assam,2734.8,Feb,2023
Bihar,2655.57,Feb,2023
Chandigarh,2650.0,Feb,2023
Chhattisgarh,2958.36,Feb,2023
Delhi,2600.0,Feb,2023
Goa,3956.25,Feb,2023
Gujarat,2866.23,Feb,2023
Haryana,2288.32,Feb,2023
Himachal Pradesh,2100.0,Feb,2023
Jammu and Kashmir,2626.78,Feb,2023
Jharkhand,2830.29,Feb,2023
Karnataka,3725.58,Feb,2023
Kerala,3906.41,Feb,2023
Madhya Pradesh,2670.75,Feb,2023
Maharashtra,3348.28,Feb,2023
Manipur,2000.0,Feb,2023
Meghalaya,3525.6,Feb,2023
Mizoram,3504.77,Feb,2023
Nagaland,3441.18,Feb,2023
Odisha,3382.86,Feb,2023
Puducherry,3750.0,Feb,2023
Punjab,2415.97,Feb,2023
Rajasthan,2725.55,Feb,2023
Sikkim,3455.67,Feb,2023
Tamil Nadu,3756.31,Feb,2023
Telangana,3334.68,Feb,2023
Uttar Pradesh,2558.35,Feb,2023
Uttarakhand,2452.08,Feb,2023
West Bengal,2414.92,Feb,2023
Andaman and Nicobar,3600.0,Mar,2023
Andhra Pradesh,3280.29,Mar,2023
Assam,2708.02,Mar,2023
Bihar,2479.59,Mar,2023
Chandigarh,2650.0,Mar,2023
Chhattisgarh,2966.75,Mar,2023
Delhi,2564.52,Mar,2023
Goa,3826.19,Mar,2023
Gujarat,2956.32,Mar,2023
Haryana,2301.67,Mar,2023
Himachal Pradesh,2100.0,Mar,2023
Jammu and Kashmir,2589.33,Mar,2023
Jharkhand,2811.38,Mar,2023
Karnataka,3674.72,Mar,2023
Kerala,3908.33,Mar,2023
Madhya Pradesh,2451.85,Mar,2023
Maharashtra,3184.66,Mar,2023
Manipur,2000.0,Mar,2023
Meghalaya,3445.61,Mar,2023
Mizoram,3500.04,Mar,2023
Nagaland,3431.72,Mar,2023
Odisha,3329.37,Mar,2023
Puducherry,3787.1,Mar,2023
Punjab,2239.64,Mar,2023
Rajasthan,2648.07,Mar,2023
Sikkim,3452.5,Mar,2023
Tamil Nadu,3720.51,Mar,2023
Telangana,3361.72,Mar,2023
Uttar Pradesh,2309.85,Mar,2023
Uttarakhand,2351.53,Mar,2023
West Bengal,2416.8,Mar,2023
Andaman and Nicobar,3600.0,Apr,2023
Andhra Pradesh,3273.68,Apr,2023
Assam,2755.39,Apr,2023
Bihar,2274.13,Apr,2023
Chandigarh,2650.0,Apr,2023
Chhattisgarh,2936.56,Apr,2023
Delhi,2550.0,Apr,2023
Goa,3627.27,Apr,2023
Gujarat,2938.7,Apr,2023
Haryana,2262.41,Apr,2023
Himachal Pradesh,2100.0,Apr,2023
Jammu and Kashmir,2572.0,Apr,2023
Jharkhand,2800.26,Apr,2023
Karnataka,3635.09,Apr,2023
Kerala,3874.11,Apr,2023
Madhya Pradesh,2353.97,Apr,2023
Maharashtra,3113.98,Apr,2023
Manipur,2000.0,Apr,2023
Meghalaya,3353.31,Apr,2023
Mizoram,3487.42,Apr,2023
Nagaland,3392.37,Apr,2023
Odisha,3290.5,Apr,2023
Puducherry,3800.0,Apr,2023
Punjab,2186.97,Apr,2023
Rajasthan,2605.51,Apr,2023
Sikkim,3454.78,Apr,2023
Tamil Nadu,3720.48,Apr,2023
Telangana,3338.95,Apr,2023
Uttar Pradesh,2201.69,Apr,2023
Uttarakhand,2326.19,Apr,2023
West Bengal,2458.48,Apr,2023
Andhra Pradesh,3357.33,May,2023
Assam,2836.98,May,2023
Bihar,2250.1,May,2023
Chandigarh,2650.0,May,2023
Chhattisgarh,2895.04,May,2023
Delhi,2525.81,May,2023
DNH and DD,4000.0,May,2023
Goa,3626.14,May,2023
Gujarat,3066.68,May,2023
Haryana,2268.9,May,2023
Himachal Pradesh,2100.0,May,2023
Jammu and Kashmir,2537.5,May,2023
Jharkhand,2722.98,May,2023
Karnataka,3650.61,May,2023
Kerala,3848.47,May,2023
Madhya Pradesh,2328.24,May,2023
Maharashtra,3083.03,May,2023
Manipur,2000.0,May,2023
Meghalaya,3291.16,May,2023
Mizoram,3523.75,May,2023
Nagaland,3386.62,May,2023
Odisha,3284.49,May,2023
Puducherry,3800.0,May,2023
Punjab,2188.05,May,2023
Rajasthan,2603.71,May,2023
Sikkim,3443.08,May,2023
Tamil Nadu,3722.0,May,2023
Telangana,3354.22,May,2023
Uttar Pradesh,2208.68,May,2023
Uttarakhand,2311.86,May,2023
West Bengal,2499.91,May,2023
Andaman and Nicobar,3600.0,Jun,2023
Andhra Pradesh,3341.73,Jun,2023
Assam,2840.0,Jun,2023
Bihar,2309.79,Jun,2023
Chandigarh,2650.0,Jun,2023
Chhattisgarh,2867.69,Jun,2023
Delhi,2521.67,Jun,2023
DNH and DD,4000.0,Jun,2023
Goa,3671.43,Jun,2023
Gujarat,3045.73,Jun,2023
Haryana,2273.27,Jun,2023
Himachal Pradesh,2100.0,Jun,2023
Jammu and Kashmir,2565.26,Jun,2023
Jharkhand,2741.44,Jun,2023
Karnataka,3696.58,Jun,2023
Kerala,3843.85,Jun,2023
Madhya Pradesh,2388.12,Jun,2023
Maharashtra,3092.77,Jun,2023
Meghalaya,3271.13,Jun,2023
Mizoram,3520.46,Jun,2023
Nagaland,3498.05,Jun,2023
Odisha,3220.79,Jun,2023
Puducherry,3800.0,Jun,2023
Punjab,2200.79,Jun,2023
Rajasthan,2612.11,Jun,2023
Sikkim,3432.58,Jun,2023
Tamil Nadu,3755.95,Jun,2023
Telangana,3367.73,Jun,2023
Uttar Pradesh,2283.81,Jun,2023
Uttarakhand,2274.63,Jun,2023
West Bengal,2530.27,Jun,2023
Andaman and Nicobar,3600.0,Jul,2023
Andhra Pradesh,3302.96,Jul,2023
Assam,2806.74,Jul,2023
Bihar,2343.64,Jul,2023
Chandigarh,2678.33,Jul,2023
Chhattisgarh,2913.18,Jul,2023
Delhi,2546.77,Jul,2023
DNH and DD,3399.37,Jul,2023
Goa,3672.62,Jul,2023
Gujarat,3110.51,Jul,2023
Haryana,2312.65,Jul,2023
Himachal Pradesh,2100.0,Jul,2023
Jammu and Kashmir,2591.75,Jul,2023
Jharkhand,2775.11,Jul,2023
Karnataka,3737.84,Jul,2023
Kerala,3833.85,Jul,2023
Madhya Pradesh,2430.32,Jul,2023
Maharashtra,3088.49,Jul,2023
Meghalaya,3302.39,Jul,2023
Mizoram,3527.5,Jul,2023
Nagaland,3751.67,Jul,2023
Odisha,3275.13,Jul,2023
Puducherry,3700.0,Jul,2023
Punjab,2227.06,Jul,2023
Rajasthan,2618.67,Jul,2023
Sikkim,3340.46,Jul,2023
Tamil Nadu,3797.36,Jul,2023
Telangana,3416.46,Jul,2023
Uttar Pradesh,2296.12,Jul,2023
Uttarakhand,2230.37,Jul,2023
West Bengal,2601.21,Jul,2023
Andhra Pradesh,3305.04,Aug,2023
Assam,2797.52,Aug,2023
Bihar,2365.86,Aug,2023
Chandigarh,2850.0,Aug,2023
Chhattisgarh,2979.15,Aug,2023
Delhi,2548.39,Aug,2023
DNH and DD,3290.65,Aug,2023
Goa,3714.29,Aug,2023
Gujarat,3034.64,Aug,2023
Haryana,2318.6,Aug,2023
Himachal Pradesh,2100.0,Aug,2023
Jammu and Kashmir,2583.33,Aug,2023
Jharkhand,2786.42,Aug,2023
Karnataka,3753.25,Aug,2023
Kerala,3853.43,Aug,2023
Madhya Pradesh,2469.98,Aug,2023
Maharashtra,3152.65,Aug,2023
Meghalaya,3310.54,Aug,2023
Mizoram,3481.77,Aug,2023
Nagaland,3672.38,Aug,2023
Odisha,3333.07,Aug,2023
Puducherry,3700.0,Aug,2023
Punjab,2237.59,Aug,2023
Rajasthan,2629.02,Aug,2023
Sikkim,3336.92,Aug,2023
Tamil Nadu,3868.7,Aug,2023
Telangana,3448.13,Aug,2023
Uttar Pradesh,2314.51,Aug,2023
Uttarakhand,2225.86,Aug,2023
West Bengal,2617.07,Aug,2023
Andhra Pradesh,3310.45,Sep,2023
Assam,2790.4,Sep,2023
Bihar,2394.15,Sep,2023
Chandigarh,2850.0,Sep,2023
Chhattisgarh,3044.81,Sep,2023
Delhi,2518.33,Sep,2023
DNH and DD,3382.78,Sep,2023
Goa,3748.65,Sep,2023
Gujarat,3035.0,Sep,2023
Haryana,2316.67,Sep,2023
Himachal Pradesh,2100.0,Sep,2023
Jammu and Kashmir,2696.08,Sep,2023
Jharkhand,2836.07,Sep,2023
Karnataka,3765.55,Sep,2023
Kerala,3879.27,Sep,2023
Madhya Pradesh,2494.46,Sep,2023
Maharashtra,3179.47,Sep,2023
Meghalaya,3354.86,Sep,2023
Mizoram,3472.8,Sep,2023
Nagaland,3691.54,Sep,2023
Odisha,3349.59,Sep,2023
Puducherry,3731.58,Sep,2023
Punjab,2256.27,Sep,2023
Rajasthan,2620.98,Sep,2023
Sikkim,3337.59,Sep,2023
Tamil Nadu,3916.28,Sep,2023
Telangana,3456.15,Sep,2023
Uttar Pradesh,2330.3,Sep,2023
Uttarakhand,2225.65,Sep,2023
West Bengal,2613.62,Sep,2023
Andhra Pradesh,3450.74,Oct,2023
Assam,2800.71,Oct,2023
Bihar,2422.1,Oct,2023
Chandigarh,2936.67,Oct,2023
Chhattisgarh,3172.38,Oct,2023
Delhi,2593.55,Oct,2023
DNH and DD,3378.49,Oct,2023
Goa,3792.11,Oct,2023
Gujarat,3035.92,Oct,2023
Haryana,2329.45,Oct,2023
Himachal Pradesh,2100.0,Oct,2023
Jammu and Kashmir,2774.35,Oct,2023
Jharkhand,2853.64,Oct,2023
Karnataka,3828.09,Oct,2023
Kerala,3893.68,Oct,2023
Madhya Pradesh,2504.88,Oct,2023
Maharashtra,3272.1,Oct,2023
Meghalaya,3350.1,Oct,2023
Mizoram,3452.08,Oct,2023
Nagaland,3784.5,Oct,2023
Odisha,3329.56,Oct,2023
Puducherry,3710.34,Oct,2023
Punjab,2275.27,Oct,2023
Rajasthan,2621.09,Oct,2023
Sikkim,3338.94,Oct,2023
Tamil Nadu,3932.64,Oct,2023
Telangana,3485.04,Oct,2023
Uttar Pradesh,2352.69,Oct,2023
Uttarakhand,2213.74,Oct,2023
West Bengal,2562.88,Oct,2023
Andhra Pradesh,3512.5,Nov,2023
Assam,2759.28,Nov,2023
Bihar,2491.57,Nov,2023
Chandigarh,2950.0,Nov,2023
Chhattisgarh,3206.76,Nov,2023
Delhi,2750.0,Nov,2023
DNH and DD,3488.89,Nov,2023
Goa,3823.26,Nov,2023
Gujarat,3096.44,Nov,2023
Haryana,2408.29,Nov,2023
Himachal Pradesh,2100.0,Nov,2023
Jammu and Kashmir,2832.11,Nov,2023
Jharkhand,2852.52,Nov,2023
Karnataka,3884.44,Nov,2023
Kerala,3965.56,Nov,2023
Madhya Pradesh,2549.69,Nov,2023
Maharashtra,3373.72,Nov,2023
Meghalaya,3417.1,Nov,2023
Mizoram,3479.08,Nov,2023
Nagaland,3789.22,Nov,2023
Odisha,3279.05,Nov,2023
Puducherry,3800.0,Nov,2023
Punjab,2323.88,Nov,2023
Rajasthan,2632.56,Nov,2023
Sikkim,3331.62,Nov,2023
Tamil Nadu,3938.98,Nov,2023
Telangana,3531.43,Nov,2023
Uttar Pradesh,2396.99,Nov,2023
Uttarakhand,2304.05,Nov,2023
West Bengal,2608.43,Nov,2023
Andhra Pradesh,3513.1,Dec,2023
Assam,2770.06,Dec,2023
Bihar,2516.35,Dec,2023
Chandigarh,2950.0,Dec,2023
Chhattisgarh,3194.82,Dec,2023
Delhi,2766.13,Dec,2023
DNH and DD,3621.51,Dec,2023
Goa,3920.83,Dec,2023
Gujarat,3135.46,Dec,2023
Haryana,2482.05,Dec,2023
Himachal Pradesh,2100.0,Dec,2023
Jammu and Kashmir,2842.86,Dec,2023
Jharkhand,2854.09,Dec,2023
Karnataka,3908.32,Dec,2023
Kerala,4024.95,Dec,2023
Madhya Pradesh,2573.4,Dec,2023
Maharashtra,3407.0,Dec,2023
Meghalaya,3489.59,Dec,2023
Mizoram,3465.97,Dec,2023
Nagaland,3791.71,Dec,2023
Odisha,3319.76,Dec,2023
Puducherry,3800.0,Dec,2023
Punjab,2298.43,Dec,2023
Rajasthan,2640.05,Dec,2023
Sikkim,3335.58,Dec,2023
Tamil Nadu,3952.67,Dec,2023
Telangana,3516.4,Dec,2023
Uttar Pradesh,2418.83,Dec,2023
Uttarakhand,2324.33,Dec,2023
West Bengal,2647.6,Dec,2023
Andhra Pradesh,3500.0,Jan,2024
Assam,2765.19,Jan,2024
Bihar,2506.46,Jan,2024
Chandigarh,2950.0,Jan,2024
Chhattisgarh,3171.66,Jan,2024
Delhi,2629.03,Jan,2024
DNH and DD,3602.15,Jan,2024
Goa,4005.88,Jan,2024
Gujarat,3155.89,Jan,2024
Haryana,2512.5,Jan,2024
Himachal Pradesh,2100.0,Jan,2024
Jammu and Kashmir,2877.39,Jan,2024
Jharkhand,2845.25,Jan,2024
Karnataka,3938.23,Jan,2024
Kerala,4054.24,Jan,2024
Madhya Pradesh,2592.83,Jan,2024
Maharashtra,3417.2,Jan,2024
Meghalaya,3479.87,Jan,2024
Mizoram,3455.12,Jan,2024
Nagaland,3768.69,Jan,2024
Odisha,3320.75,Jan,2024
Puducherry,3800.0,Jan,2024
Punjab,2293.61,Jan,2024
Rajasthan,2629.05,Jan,2024
Sikkim,3324.8,Jan,2024
Tamil Nadu,3991.4,Jan,2024
Telangana,3530.68,Jan,2024
Uttar Pradesh,2445.06,Jan,2024
Uttarakhand,2332.42,Jan,2024
West Bengal,2648.95,Jan,2024
Andhra Pradesh,3500.0,Feb,2024
Assam,2736.62,Feb,2024
Bihar,2496.49,Feb,2024
Chandigarh,2950.0,Feb,2024
Chhattisgarh,3153.44,Feb,2024
Delhi,2575.86,Feb,2024
DNH and DD,3618.39,Feb,2024
Goa,4172.0,Feb,2024
Gujarat,3216.35,Feb,2024
Haryana,2453.19,Feb,2024
Himachal Pradesh,2100.0,Feb,2024
Jammu and Kashmir,2828.18,Feb,2024
Jharkhand,2838.31,Feb,2024
Karnataka,3949.23,Feb,2024
Kerala,4087.79,Feb,2024
Madhya Pradesh,2580.48,Feb,2024
Maharashtra,3378.67,Feb,2024
Manipur,3588.89,Feb,2024
Meghalaya,3490.29,Feb,2024
Mizoram,3435.54,Feb,2024
Nagaland,3788.72,Feb,2024
Odisha,3308.33,Feb,2024
Puducherry,3800.0,Feb,2024
Punjab,2281.36,Feb,2024
Rajasthan,2609.67,Feb,2024
Sikkim,3315.45,Feb,2024
Tamil Nadu,4020.62,Feb,2024
Telangana,3542.08,Feb,2024
Uttar Pradesh,2460.17,Feb,2024
Uttarakhand,2350.9,Feb,2024
West Bengal,2639.94,Feb,2024
Andhra Pradesh,3507.14,Mar,2024
Assam,2760.87,Mar,2024
Bihar,2482.04,Mar,2024
Chandigarh,2950.0,Mar,2024
Chhattisgarh,3094.84,Mar,2024
Delhi,2600.0,Mar,2024
DNH and DD,3548.91,Mar,2024
Goa,4129.63,Mar,2024
Gujarat,3223.33,Mar,2024
Haryana,2479.09,Mar,2024
Himachal Pradesh,2100.0,Mar,2024
Jammu and Kashmir,2840.89,Mar,2024
Jharkhand,2811.88,Mar,2024
Karnataka,3923.47,Mar,2024
Kerala,4014.65,Mar,2024
Madhya Pradesh,2541.4,Mar,2024
Maharashtra,3281.16,Mar,2024
Manipur,3576.47,Mar,2024
Meghalaya,3474.69,Mar,2024
Mizoram,3440.55,Mar,2024
Nagaland,3799.46,Mar,2024
Odisha,3317.93,Mar,2024
Puducherry,3973.08,Mar,2024
Punjab,2289.76,Mar,2024
Rajasthan,2598.3,Mar,2024
Sikkim,3320.97,Mar,2024
Tamil Nadu,4020.2,Mar,2024
Telangana,3475.11,Mar,2024
Uttar Pradesh,2443.68,Mar,2024
Uttarakhand,2369.71,Mar,2024
West Bengal,2655.81,Mar,2024
Andhra Pradesh,3521.58,Apr,2024
Assam,2785.32,Apr,2024
Bihar,2442.98,Apr,2024
Chandigarh,2950.0,Apr,2024
Chhattisgarh,3106.34,Apr,2024
Delhi,2600.0,Apr,2024
DNH and DD,3535.56,Apr,2024
Goa,4045.83,Apr,2024
Gujarat,3170.79,Apr,2024
Haryana,2491.04,Apr,2024
Himachal Pradesh,2100.0,Apr,2024
Jammu and Kashmir,2803.18,Apr,2024
Jharkhand,2828.39,Apr,2024
Karnataka,3911.05,Apr,2024
Kerala,4007.31,Apr,2024
Madhya Pradesh,2535.88,Apr,2024
Maharashtra,3236.68,Apr,2024
Manipur,3522.22,Apr,2024
Meghalaya,3469.55,Apr,2024
Mizoram,3404.8,Apr,2024
Nagaland,3804.76,Apr,2024
Odisha,3306.23,Apr,2024
Puducherry,3850.0,Apr,2024
Punjab,2282.63,Apr,2024
Rajasthan,2604.36,Apr,2024
Sikkim,3324.81,Apr,2024
Tamil Nadu,4013.27,Apr,2024
Telangana,3416.51,Apr,2024
Uttar Pradesh,2394.1,Apr,2024
Uttarakhand,2285.07,Apr,2024
West Bengal,2649.54,Apr,2024
Andhra Pradesh,3524.63,May,2024
Assam,2819.33,May,2024
Bihar,2405.49,May,2024
Chandigarh,2950.0,May,2024
Chhattisgarh,3054.06,May,2024
Delhi,2600.0,May,2024
DNH and DD,3524.18,May,2024
Goa,4031.25,May,2024
Gujarat,3193.92,May,2024
Haryana,2476.4,May,2024
Himachal Pradesh,2100.0,May,2024
Jammu and Kashmir,2796.05,May,2024
Jharkhand,2857.46,May,2024
Karnataka,3909.03,May,2024
Kerala,3973.22,May,2024
Madhya Pradesh,2562.22,May,2024
Maharashtra,3270.4,May,2024
Manipur,3206.25,May,2024
Meghalaya,3394.79,May,2024
Mizoram,3424.96,May,2024
Nagaland,3804.74,May,2024
Odisha,3273.34,May,2024
Puducherry,4100.0,May,2024
Punjab,2299.94,May,2024
Rajasthan,2625.05,May,2024
Sikkim,3321.01,May,2024
Tamil Nadu,4019.82,May,2024
Telangana,3443.54,May,2024
Uttar Pradesh,2365.43,May,2024
Uttarakhand,2299.22,May,2024
West Bengal,2638.79,May,2024
Andhra Pradesh,3518.94,Jun,2024
Assam,2834.9,Jun,2024
Bihar,2433.68,Jun,2024
Chandigarh,2950.0,Jun,2024
Chhattisgarh,3033.71,Jun,2024
Delhi,2600.0,Jun,2024
DNH and DD,3513.48,Jun,2024
Goa,3979.17,Jun,2024
Gujarat,3477.51,Jun,2024
Haryana,2509.31,Jun,2024
Himachal Pradesh,2100.0,Jun,2024
Jammu and Kashmir,2835.71,Jun,2024
Jharkhand,2866.31,Jun,2024
Karnataka,3911.98,Jun,2024
Kerala,3976.55,Jun,2024
Madhya Pradesh,2599.26,Jun,2024
Maharashtra,3266.01,Jun,2024
Manipur,3569.23,Jun,2024
Meghalaya,3385.39,Jun,2024
Mizoram,3437.97,Jun,2024
Nagaland,3804.23,Jun,2024
Odisha,3308.78,Jun,2024
Puducherry,4300.0,Jun,2024
Punjab,2315.56,Jun,2024
Rajasthan,2628.52,Jun,2024
Sikkim,3316.54,Jun,2024
Tamil Nadu,4023.33,Jun,2024
Telangana,3503.22,Jun,2024
Uttar Pradesh,2396.83,Jun,2024
Uttarakhand,2293.3,Jun,2024
West Bengal,2623.29,Jun,2024
Andhra Pradesh,3523.88,Jul,2024
Assam,2873.03,Jul,2024
Bihar,2461.35,Jul,2024
Chandigarh,2865.03,Jul,2024
Chhattisgarh,3160.89,Jul,2024
Delhi,2600.0,Jul,2024
DNH and DD,3656.99,Jul,2024
Goa,3989.13,Jul,2024
Gujarat,3531.73,Jul,2024
Haryana,2677.34,Jul,2024
Himachal Pradesh,2100.0,Jul,2024
Jammu and Kashmir,2824.11,Jul,2024
Jharkhand,2824.68,Jul,2024
Karnataka,3893.2,Jul,2024
Kerala,3984.55,Jul,2024
Madhya Pradesh,2672.25,Jul,2024
Maharashtra,3329.71,Jul,2024
Manipur,3861.9,Jul,2024
Meghalaya,3403.74,Jul,2024
Mizoram,3427.43,Jul,2024
Nagaland,3811.74,Jul,2024
Odisha,3301.1,Jul,2024
Puducherry,4300.0,Jul,2024
Punjab,2359.13,Jul,2024
Rajasthan,2652.93,Jul,2024
Sikkim,3398.51,Jul,2024
Tamil Nadu,4054.16,Jul,2024
Telangana,3580.82,Jul,2024
Uttar Pradesh,2442.9,Jul,2024
Uttarakhand,2294.07,Jul,2024
West Bengal,2662.72,Jul,2024
Andhra Pradesh,3511.36,Aug,2024
Assam,2992.15,Aug,2024
Bihar,2501.88,Aug,2024
Chandigarh,2774.16,Aug,2024
Chhattisgarh,2986.15,Aug,2024
Delhi,2630.65,Aug,2024
DNH and DD,3578.41,Aug,2024
Goa,4002.56,Aug,2024
Gujarat,3162.12,Aug,2024
Haryana,2702.63,Aug,2024
Himachal Pradesh,2100.0,Aug,2024
Jammu and Kashmir,3020.51,Aug,2024
Jharkhand,2743.94,Aug,2024
Karnataka,3793.85,Aug,2024
Kerala,4001.28,Aug,2024
Madhya Pradesh,2657.2,Aug,2024
Maharashtra,3324.17,Aug,2024
Manipur,3975.0,Aug,2024
Meghalaya,3424.06,Aug,2024
Mizoram,3626.18,Aug,2024
Nagaland,3827.92,Aug,2024
Odisha,3313.84,Aug,2024
Puducherry,4300.0,Aug,2024
Punjab,2417.41,Aug,2024
Rajasthan,2649.0,Aug,2024
Sikkim,3475.0,Aug,2024
Tamil Nadu,4026.12,Aug,2024
Telangana,3581.56,Aug,2024
Uttar Pradesh,2454.32,Aug,2024
Uttarakhand,2299.98,Aug,2024
West Bengal,2635.73,Aug,2024
Andhra Pradesh,3535.2,Sep,2024
Assam,3001.48,Sep,2024
Bihar,2540.72,Sep,2024
Chandigarh,2762.0,Sep,2024
Chhattisgarh,3037.16,Sep,2024
Delhi,2695.0,Sep,2024
DNH and DD,3361.8,Sep,2024
Goa,3994.87,Sep,2024
Gujarat,3059.32,Sep,2024
Haryana,2721.15,Sep,2024
Himachal Pradesh,2100.0,Sep,2024
Jammu and Kashmir,3140.72,Sep,2024
Jharkhand,2769.43,Sep,2024
Karnataka,3765.2,Sep,2024
Kerala,4015.09,Sep,2024
Madhya Pradesh,2674.85,Sep,2024
Maharashtra,3335.0,Sep,2024
Manipur,4125.0,Sep,2024
Meghalaya,3607.19,Sep,2024
Mizoram,3675.97,Sep,2024
Nagaland,3763.01,Sep,2024
Odisha,3347.39,Sep,2024
Puducherry,4351.85,Sep,2024
Punjab,2431.39,Sep,2024
Rajasthan,2658.59,Sep,2024
Sikkim,3455.08,Sep,2024
Tamil Nadu,4063.47,Sep,2024
Telangana,3596.69,Sep,2024
Uttar Pradesh,2511.15,Sep,2024
Uttarakhand,2327.44,Sep,2024
West Bengal,2616.08,Sep,2024
Andhra Pradesh,3622.41,Oct,2024
Assam,3057.59,Oct,2024
Bihar,2582.4,Oct,2024
Chandigarh,2762.0,Oct,2024
Chhattisgarh,2977.91,Oct,2024
Delhi,2700.0,Oct,2024
DNH and DD,3417.39,Oct,2024
Goa,3978.75,Oct,2024
Gujarat,3073.28,Oct,2024
Haryana,2720.22,Oct,2024
Himachal Pradesh,2100.0,Oct,2024
Jammu and Kashmir,3068.94,Oct,2024
Jharkhand,2820.62,Oct,2024
Karnataka,3811.55,Oct,2024
Kerala,4070.56,Oct,2024
Madhya Pradesh,2733.23,Oct,2024
Maharashtra,3414.67,Oct,2024
Manipur,4127.78,Oct,2024
Meghalaya,3760.08,Oct,2024
Mizoram,3673.27,Oct,2024
Nagaland,3742.7,Oct,2024
Odisha,3405.57,Oct,2024
Puducherry,4500.0,Oct,2024
Punjab,2468.9,Oct,2024
Rajasthan,2696.49,Oct,2024
Sikkim,3553.49,Oct,2024
Tamil Nadu,4073.05,Oct,2024
Telangana,3603.76,Oct,2024
Uttar Pradesh,2575.25,Oct,2024
Uttarakhand,2364.78,Oct,2024
West Bengal,2667.61,Oct,2024
Andhra Pradesh,3627.35,Nov,2024
Assam,3118.07,Nov,2024
Bihar,2627.64,Nov,2024
Chandigarh,2762.0,Nov,2024
Chhattisgarh,3004.39,Nov,2024
Delhi,2700.0,Nov,2024
DNH and DD,3491.94,Nov,2024
Goa,4025.0,Nov,2024
Gujarat,3134.56,Nov,2024
Haryana,2734.78,Nov,2024
Himachal Pradesh,2100.0,Nov,2024
Jammu and Kashmir,3210.74,Nov,2024
Jharkhand,2896.13,Nov,2024
Karnataka,3830.98,Nov,2024
Kerala,4171.96,Nov,2024
Madhya Pradesh,2779.16,Nov,2024
Maharashtra,3478.08,Nov,2024
Manipur,4300.0,Nov,2024
Meghalaya,3918.03,Nov,2024
Mizoram,3685.24,Nov,2024
Nagaland,3769.77,Nov,2024
Odisha,3488.2,Nov,2024
Puducherry,4500.0,Nov,2024
Punjab,2623.88,Nov,2024
Rajasthan,2720.08,Nov,2024
Sikkim,3569.28,Nov,2024
Tamil Nadu,4094.65,Nov,2024
Telangana,3615.3,Nov,2024
Uttar Pradesh,2626.8,Nov,2024
Uttarakhand,2390.15,Nov,2024
West Bengal,2723.79,Nov,2024
Andhra Pradesh,3664.46,Dec,2024
Assam,3091.76,Dec,2024
Bihar,2665.18,Dec,2024
Chandigarh,2762.0,Dec,2024
Chhattisgarh,3009.39,Dec,2024
Delhi,2843.55,Dec,2024
DNH and DD,3583.33,Dec,2024
Goa,4061.11,Dec,2024
Gujarat,3160.54,Dec,2024
Haryana,2717.35,Dec,2024
Himachal Pradesh,2100.0,Dec,2024
Jammu and Kashmir,3240.4,Dec,2024
Jharkhand,2951.22,Dec,2024
Karnataka,3843.3,Dec,2024
Kerala,4242.33,Dec,2024
Madhya Pradesh,2794.22,Dec,2024
Maharashtra,3519.7,Dec,2024
Manipur,4225.0,Dec,2024
Meghalaya,3986.39,Dec,2024
Mizoram,3687.1,Dec,2024
Nagaland,3754.04,Dec,2024
Odisha,3510.0,Dec,2024
Puducherry,4500.0,Dec,2024
Punjab,2812.9,Dec,2024
Rajasthan,2698.17,Dec,2024
Sikkim,3575.16,Dec,2024
Tamil Nadu,4126.89,Dec,2024
Telangana,3616.05,Dec,2024
Uttar Pradesh,2667.76,Dec,2024
Uttarakhand,2375.36,Dec,2024
West Bengal,2784.85,Dec,2024
Andhra Pradesh,3732.35,Jan,2025
Assam,3183.94,Jan,2025
Bihar,2682.57,Jan,2025
Chandigarh,2762.0,Jan,2025
Chhattisgarh,3052.82,Jan,2025
Delhi,2900.0,Jan,2025
DNH and DD,3700.0,Jan,2025
Goa,4097.83,Jan,2025
Gujarat,3114.62,Jan,2025
Haryana,2661.93,Jan,2025
Himachal Pradesh,2100.0,Jan,2025
Jammu and Kashmir,3258.9,Jan,2025
Jharkhand,2988.18,Jan,2025
Karnataka,3846.54,Jan,2025
Kerala,4311.96,Jan,2025
Madhya Pradesh,2819.05,Jan,2025
Maharashtra,3579.86,Jan,2025
Manipur,4200.0,Jan,2025
Meghalaya,3982.71,Jan,2025
Mizoram,3682.64,Jan,2025
Nagaland,3729.44,Jan,2025
Odisha,3528.69,Jan,2025
Puducherry,4500.0,Jan,2025
Punjab,2876.0,Jan,2025
Rajasthan,2709.17,Jan,2025
Sikkim,3559.49,Jan,2025
Tamil Nadu,4145.8,Jan,2025
Telangana,3618.38,Jan,2025
Uttar Pradesh,2700.08,Jan,2025
Uttarakhand,2378.57,Jan,2025
West Bengal,2774.59,Jan,2025
